Accuracy,Recall,Precision,F1-Score
0.9777253126252593,0.9777253126252593,0.9777498019666582,0.9777249565298936
